{
    "model_name": "Random Forest",
    "test_accuracy": 0.7894736842105263,
    "test_auc": 0.8333333333333333,
    "confusion_matrix": [
        [
            11,
            2
        ],
        [
            2,
            4
        ]
    ],
    "classification_report": {
        "No Dropout": {
            "precision": 0.8461538461538461,
            "recall": 0.8461538461538461,
            "f1-score": 0.8461538461538461,
            "support": 13.0
        },
        "Dropout": {
            "precision": 0.6666666666666666,
            "recall": 0.6666666666666666,
            "f1-score": 0.6666666666666666,
            "support": 6.0
        },
        "accuracy": 0.7894736842105263,
        "macro avg": {
            "precision": 0.7564102564102564,
            "recall": 0.7564102564102564,
            "f1-score": 0.7564102564102564,
            "support": 19.0
        },
        "weighted avg": {
            "precision": 0.7894736842105263,
            "recall": 0.7894736842105263,
            "f1-score": 0.7894736842105263,
            "support": 19.0
        }
    }
}